epoch,step,train_loss,val_loss
0,2342,5.460091590881348,5.479408264160156
1,4685,5.373452663421631,5.336981773376465
2,7028,5.295662879943848,5.27440881729126
3,9371,5.26785135269165,5.274016380310059
4,11714,5.246760368347168,5.263606071472168
